id,city,age,gender,state,first_name,last_name,created_at
407,San Francisco,51,male,us-mt,Rudy,Reilly,2019-12-20 22:22:52
408,Seattle,84,male,us-nh,Chaz,O'Connell,2018-09-14 14:55:15
409,Seattle,55,male,us-mo,Kacie,Stoltenberg,2017-11-09 10:47:26
411,Seattle,55,male,us-nm,Onie,Hodkiewicz,2019-01-01 15:55:17
412,Los Angeles,73,male,us-co,Delphine,Effertz,2019-12-19 14:44:01
414,Palo Alto,26,male,us-me,Arvel,Anderson,2019-05-28 00:39:21
416,Austin,65,male,us-nv,Breana,Shanahan,2018-05-03 17:19:02
417,Chicago,31,male,us-ky,Anastacio,Romaguera,2017-10-03 10:37:02
419,Los Angeles,65,male,us-vt,Catherine,Zboncak,2019-02-06 03:35:10
420,Mountain View,55,male,us-il,Noemie,Botsford,2019-02-23 01:12:42
421,Palo Alto,43,male,us-nd,Ismael,Kling,2019-05-04 07:46:52
423,New York,72,male,us-nv,Keegan,Walter,2018-06-29 23:37:47
424,San Francisco,46,male,us-ct,Ressie,Goldner,2019-06-13 05:31:41
425,Chicago,28,male,us-nd,Nels,Mertz,2019-02-24 05:54:08
427,San Francisco,79,male,us-wy,Aiyana,Bailey,2018-01-31 06:19:21
428,New York,43,male,us-pa,Isabelle,Wiza,2018-07-09 02:56:47
429,New York,44,male,us-ks,Elias,Lind,2017-12-30 09:09:18
431,New York,59,male,us-ga,Quinn,Tillman,2019-03-03 11:37:40
432,Palo Alto,31,male,us-md,Larue,Kessler,2017-08-13 08:33:04
433,Seattle,73,male,us-nc,Cordell,Rodriguez,2018-01-10 23:44:13
435,Austin,82,male,us-tx,Carole,Luettgen,2018-11-08 23:47:03
436,San Francisco,60,male,us-nc,Pearlie,Rau,2018-01-19 16:23:44
437,Austin,23,male,us-ar,Marcos,Simonis,2018-01-24 10:46:55
438,San Francisco,29,female,us-vt,Jefferey,Schowalter,2018-09-07 02:31:47
440,Austin,47,female,us-ri,Iva,Swift,2019-09-01 09:50:19
441,Palo Alto,64,female,us-pa,Bridgette,Yundt,2019-02-22 07:53:26
443,Austin,49,female,us-ar,Martina,Collins,2019-01-26 20:25:40
445,Seattle,52,female,us-nc,Maude,Renner,2019-08-05 10:07:14
447,Los Angeles,47,female,us-nv,Moses,Koelpin,2018-05-20 13:27:47
448,New York,80,female,us-ct,Theodora,Krajcik,2019-09-06 00:08:02
449,Austin,60,female,us-ma,Florian,Greenholt,2019-12-11 22:12:00
553,Austin,57,female,us-sd,Antonia,Moore,2018-06-04 23:37:21
554,Seattle,67,female,us-tn,Eugenia,Mitchell,2019-10-26 21:33:04
555,Palo Alto,51,female,us-wy,Oral,Kautzer,2019-09-13 10:54:09
556,Los Angeles,66,female,us-pa,Seth,Kautzer,2017-11-20 06:53:08
557,Palo Alto,66,female,us-al,Lauryn,Howe,2018-09-04 02:22:46
559,Austin,49,female,us-de,Flossie,Upton,2019-03-01 17:41:37
560,Los Angeles,70,female,us-id,Claud,Pagac,2018-06-06 17:31:39
561,Mountain View,38,female,us-de,Tierra,Bartell,2019-07-01 06:03:06
562,Mountain View,82,female,us-ia,Lexi,Prosacco,2018-10-04 16:41:03
564,Mountain View,58,female,us-id,Nathanial,Okuneva,2019-03-18 11:34:46
565,Chicago,78,female,us-tx,Lauryn,Wunsch,2018-08-31 16:03:47
568,Palo Alto,51,female,us-ms,Jarrod,Weber,2018-11-09 07:48:16
569,Austin,34,female,us-nj,Uriah,Dach,2019-05-03 09:44:59
571,Austin,58,female,us-tn,Sharon,Yundt,2019-02-12 05:28:47
572,Chicago,82,female,us-ks,Isaias,Lind,2019-05-22 23:16:43
573,Chicago,26,female,us-wa,Ashtyn,Gaylord,2019-12-05 13:54:23
575,Palo Alto,44,male,us-nd,Denis,Miller,2017-08-14 08:54:31
577,Austin,58,male,us-mn,Larue,Streich,2019-01-11 09:26:26
578,San Francisco,34,male,us-tx,Luna,Swift,2019-09-17 17:53:49
579,Mountain View,65,male,us-de,Jarod,Wilderman,2019-12-22 09:21:48
580,New York,59,male,us-tx,Olaf,Schmitt,2019-04-20 06:08:46
581,Los Angeles,45,male,us-nh,Stacy,Russel,2017-09-26 10:24:01
582,Austin,66,male,us-nv,Elyssa,Greenfelder,2019-10-10 16:40:29
584,Mountain View,27,male,us-ky,Colin,Reichel,2018-02-01 11:49:59
586,Seattle,36,male,us-wy,Daisha,Bergstrom,2017-12-05 06:35:51
588,New York,80,male,us-ut,Breanne,Conn,2018-04-16 10:48:48
589,Palo Alto,35,male,us-ma,Iva,Metz,2019-06-24 18:35:36
590,Palo Alto,56,male,us-mt,Rocio,Wehner,2019-07-20 12:03:55
591,Mountain View,79,male,us-dc,Jaron,Spinka,2018-09-30 09:55:09
592,Austin,79,male,us-nd,Ellie,Sipes,2019-04-21 16:57:32
593,New York,40,male,us-nj,Loyce,Emard,2019-12-14 21:28:15
594,San Francisco,81,male,us-ms,Allie,Glover,2018-07-25 20:34:08
596,San Francisco,68,male,us-ga,Natalie,Jaskolski,2019-06-20 14:17:55
597,Palo Alto,42,male,us-il,Estell,Streich,2019-01-03 17:20:48
598,Chicago,67,male,us-ut,Bennett,Pfannerstill,2018-07-24 12:59:34
401,Mountain View,74,male,us-id,Magali,Rutherford,2017-11-10 21:54:03
402,Austin,72,male,us-pa,Kelley,Johnson,2019-03-18 05:21:14
404,Los Angeles,30,male,us-ma,Dannie,Lindgren,2019-04-29 22:28:43
405,Seattle,56,male,us-in,Laura,Howell,2019-09-03 02:27:26
524,Palo Alto,29,male,us-il,Vivienne,Toy,2019-06-07 13:32:56
525,Los Angeles,40,male,us-dc,Hassan,Nolan,2019-12-12 05:29:09
526,Seattle,83,male,us-nh,Winston,Lubowitz,2019-10-19 05:04:59
527,Austin,55,male,us-wa,Concepcion,Schultz,2018-11-24 11:53:42
599,Mountain View,82,male,us-ri,Allan,Fay,2018-03-21 23:44:35
600,Chicago,21,male,us-nm,Ariel,Streich,2017-07-19 07:44:57
602,New York,43,male,us-ri,Yadira,Lemke,2018-06-02 06:22:42
603,Seattle,41,male,us-nh,Prince,Macejkovic,2017-12-25 04:57:09
604,Palo Alto,84,male,us-la,Osbaldo,Towne,2018-04-12 08:37:13
606,New York,60,male,us-nj,Mercedes,Huels,2019-12-05 21:52:27
607,Palo Alto,19,male,us-nv,Annamarie,Stoltenberg,2018-08-14 10:05:56
608,Palo Alto,20,male,us-vt,Helena,Ziemann,2018-10-30 01:40:37
610,Austin,72,male,us-co,Eliza,Towne,2019-06-10 00:01:32
611,Mountain View,28,male,us-mi,Felicita,Medhurst,2019-04-15 06:50:13
612,Chicago,65,male,us-ia,Skyla,Franecki,2019-09-24 18:20:46
613,San Francisco,85,male,us-wy,Conrad,Kreiger,2017-11-01 07:04:23
615,San Francisco,26,male,us-wv,Brock,Cummerata,2019-10-10 12:08:42
616,San Francisco,77,male,us-az,Katharina,Hahn,2019-02-21 03:35:10
618,Seattle,29,male,us-sc,Megane,Feeney,2018-09-15 03:32:41
619,Austin,38,male,us-wi,Jack,Kohler,2018-08-20 09:51:57
621,Austin,30,male,us-vt,Friedrich,Franecki,2019-01-21 14:36:33
624,Seattle,47,male,us-or,Kenya,Conn,2019-03-06 04:43:04
136,Seattle,82,male,us-va,Esta,Bode,2017-01-13 18:06:29
137,Palo Alto,53,male,us-il,Walter,Farrell,2017-06-27 02:45:20
138,Los Angeles,34,female,us-ga,Tom,Johnston,2017-06-04 22:11:16
139,Palo Alto,77,female,us-in,Jakayla,Nader,2018-04-12 05:33:30
140,Austin,48,female,us-ri,Melisa,Leffler,2018-08-06 17:49:11
141,New York,59,female,us-nh,Retha,Wisozk,2019-09-12 03:34:00
143,Palo Alto,59,female,us-va,Karolann,Swaniawski,2017-12-08 14:24:24
144,Seattle,53,female,us-nc,Emilio,Barrows,2018-06-29 21:23:49
145,New York,65,female,us-ny,Ramon,DuBuque,2017-12-10 00:48:26
146,Austin,74,female,us-ia,Miracle,Roob,2018-01-12 15:41:32
149,Seattle,82,female,us-sc,Bailee,Jenkins,2017-10-16 01:46:34
150,Palo Alto,62,female,us-mt,Devan,Brekke,2018-03-05 07:08:30
151,Chicago,33,female,us-de,Sadie,Rosenbaum,2017-04-10 17:35:06
153,Los Angeles,59,female,us-mo,Garth,Lang,2017-03-04 14:20:52
154,San Francisco,54,female,us-tn,Chaz,Jones,2017-03-18 14:47:38
155,Palo Alto,29,female,us-vt,Karen,Fisher,2019-07-18 17:40:35
157,Mountain View,74,female,us-wa,Demetris,Hammes,2019-05-03 21:50:03
519,Mountain View,57,male,us-mi,Bertram,Friesen,2017-10-31 07:51:16
520,Mountain View,25,male,us-in,Rachel,Thompson,2018-09-10 19:06:11
521,New York,43,male,us-ne,Gaylord,Turcotte,2019-05-27 15:47:33
523,New York,48,male,us-nm,Summer,Pollich,2018-04-07 06:19:20
625,San Francisco,43,male,us-ms,Demond,Kiehn,2019-03-06 10:23:16
626,New York,44,male,us-ca,Corrine,Padberg,2019-01-16 17:19:49
628,Austin,22,male,us-wv,Adell,Gutmann,2018-06-20 22:35:51
134,Austin,44,male,us-az,Brycen,Tromp,2017-12-23 13:08:07
629,Seattle,65,male,us-mo,Joshua,Funk,2019-04-28 20:25:30
630,Palo Alto,74,male,us-ky,Abel,McGlynn,2018-12-17 05:51:47
631,Chicago,40,male,us-wy,June,Stoltenberg,2017-12-22 09:38:24
633,Chicago,67,male,us-al,Jules,Goldner,2019-11-30 16:24:45
634,Los Angeles,49,male,us-wy,Margarita,Kuhn,2017-07-05 17:00:02
635,Los Angeles,66,male,us-nh,Lilliana,Mills,2018-07-08 22:53:13
637,New York,34,male,us-dc,Ken,McLaughlin,2018-10-30 23:57:06
638,New York,63,female,us-vt,Newton,Glover,2018-11-07 23:37:43
639,Chicago,22,female,us-mo,Layla,Sipes,2018-06-01 13:00:13
640,Palo Alto,38,female,us-co,Nels,Mertz,2019-04-28 07:15:18
641,Los Angeles,64,female,us-dc,Michale,Skiles,2019-08-26 07:51:14
644,Austin,76,female,us-nm,Ashleigh,Parker,2018-05-09 10:49:52
646,Chicago,34,female,us-co,Rahul,Murazik,2018-04-04 04:24:48
647,Los Angeles,53,female,us-mo,Nannie,Stracke,2019-11-04 08:34:36
648,Mountain View,42,female,us-la,Emilie,Schulist,2018-02-20 23:08:32
649,New York,61,female,us-de,Georgiana,Mraz,2018-09-04 19:22:06
103,Chicago,34,male,us-md,Fausto,Bednar,2017-10-14 08:04:01
107,Mountain View,79,male,us-ne,Hilma,Klocko,2018-07-24 16:23:15
131,Chicago,51,male,us-ks,Kaleigh,Fadel,2017-06-11 15:45:25
132,San Francisco,32,male,us-ma,Irma,Huel,2017-09-03 04:35:58
133,Mountain View,62,male,us-va,Madelynn,Casper,2017-08-21 09:37:56
148,Austin,28,female,us-ia,Carolina,Dare,2017-01-21 12:19:58
373,Mountain View,32,female,us-de,Simeon,Grady,2019-08-07 21:46:16
375,Austin,58,male,us-id,Bryana,Stehr,2018-08-26 13:57:50
376,Mountain View,33,male,us-az,Richard,Leannon,2018-01-24 15:34:40
528,Los Angeles,20,male,us-ky,Hilario,Satterfield,2019-02-16 12:02:22
531,Chicago,41,male,us-me,Llewellyn,Heaney,2019-01-17 16:47:49
533,Palo Alto,27,male,us-tx,Nigel,Mills,2018-07-29 03:08:02
534,Palo Alto,27,male,us-md,Brendon,Schaden,2019-06-16 12:59:13
535,New York,82,male,us-dc,Willow,Gottlieb,2017-08-15 11:45:17
538,Palo Alto,54,female,us-mi,April,Metz,2019-03-31 19:13:03
539,New York,61,female,us-vt,Kade,Wisozk,2017-12-13 21:40:25
540,Chicago,34,female,us-al,Thurman,Schinner,2018-08-02 17:23:16
541,New York,66,female,us-ms,Bret,Hegmann,2019-03-27 15:44:37
543,Palo Alto,67,female,us-wy,Ward,Abbott,2018-04-01 00:10:30
544,Los Angeles,78,female,us-al,Armando,Sipes,2017-10-31 23:00:16
545,San Francisco,84,female,us-ok,Jewel,Okuneva,2019-02-22 13:35:50
546,Chicago,64,female,us-nj,Elwyn,Veum,2018-07-04 02:22:02
548,Los Angeles,79,female,us-sc,Grant,Leannon,2017-12-14 13:26:57
549,Austin,85,female,us-ne,Eunice,Klocko,2017-12-19 05:51:36
620,Seattle,25,male,us-sc,Ignatius,Hoppe,2019-03-12 21:15:36
666,New York,21,female,us-wa,Horacio,Wiza,2017-07-14 23:28:55
667,Chicago,54,female,us-nj,Yoshiko,Feeney,2018-11-12 19:35:10
671,San Francisco,50,female,us-nv,Rocio,Breitenberg,2017-12-09 18:23:05
350,Chicago,31,female,us-sc,Oran,Kling,2017-01-31 14:07:41
351,Mountain View,32,female,us-sc,Lorine,Windler,2017-10-16 04:57:55
352,Mountain View,62,female,us-ga,Modesta,Heidenreich,2017-06-09 14:23:15
353,Austin,59,female,us-md,Eulah,Lebsack,2018-08-03 07:15:36
355,Mountain View,25,female,us-or,Enrique,Gerhold,2020-01-01 04:30:57
357,San Francisco,54,female,us-ct,Eula,Eichmann,2018-03-19 04:55:19
207,Austin,37,male,us-ma,Adan,Becker,2018-04-17 09:02:23
359,Austin,57,female,us-ms,Meredith,Stiedemann,2018-10-26 14:38:49
360,Seattle,53,female,us-ar,Bell,Johnson,2018-09-04 07:18:15
361,Palo Alto,20,female,us-va,Roxanne,Hauck,2017-02-16 20:34:50
365,Mountain View,78,female,us-wy,Lura,Beer,2017-01-25 20:24:51
366,New York,82,female,us-ct,Velma,Kub,2018-07-10 19:30:25
367,Mountain View,67,female,us-md,Missouri,McDermott,2017-04-19 01:47:57
369,Mountain View,85,female,us-or,Cielo,Spinka,2017-03-21 21:35:11
370,Austin,34,female,us-ca,Bradly,Renner,2017-05-16 18:44:56
371,Chicago,81,female,us-mt,Hattie,Langosh,2019-11-25 12:52:41
372,Seattle,51,female,us-ms,Florida,Dooley,2017-09-04 06:09:29
529,New York,85,male,us-mt,Toby,Bednar,2018-04-09 22:03:18
672,Mountain View,71,female,us-co,Josefina,Hermann,2019-08-24 12:51:55
673,Seattle,35,female,us-tn,Sammie,Parisian,2019-01-19 13:37:48
674,Mountain View,35,female,us-il,Leora,Conroy,2019-03-27 15:42:54
675,Seattle,74,male,us-la,Lesly,Rodriguez,2017-10-09 22:49:44
677,New York,49,male,us-wa,Petra,Wisozk,2018-04-13 14:01:19
678,Austin,62,male,us-dc,Milo,Blanda,2018-08-20 02:42:19
679,Palo Alto,57,male,us-dc,Otis,Kling,2017-12-04 14:38:15
681,New York,53,male,us-or,Claude,Ullrich,2018-08-24 15:37:23
356,San Francisco,64,female,us-ca,Adriel,Kovacek,2018-04-18 05:24:16
682,Palo Alto,83,male,us-ut,Don,Conn,2017-09-13 15:07:15
683,Mountain View,79,male,us-az,Lewis,Russel,2019-10-14 12:59:42
684,New York,45,male,us-in,Eve,Quitzon,2019-06-15 05:02:03
686,Los Angeles,73,male,us-md,Camilla,Hartmann,2018-03-13 01:13:14
687,Palo Alto,47,male,us-ma,Fermin,Hilpert,2018-03-25 13:23:02
690,New York,35,male,us-mi,Eloisa,Barrows,2018-11-06 15:15:48
691,Los Angeles,28,male,us-ga,Nathanial,Kerluke,2017-10-22 20:55:15
692,New York,49,male,us-ga,Esteban,Johns,2018-05-27 23:02:15
694,Seattle,60,male,us-ct,Kattie,Beier,2018-03-27 11:08:08
696,Mountain View,36,male,us-nm,Gia,Abbott,2018-07-18 11:20:55
697,Austin,34,male,us-il,Hailie,Mosciski,2018-04-27 06:36:00
699,Seattle,57,male,us-wi,Julie,Crooks,2017-08-29 13:31:23
700,Seattle,22,male,us-ct,Freddy,Gulgowski,2019-08-09 21:35:00
201,Seattle,39,male,us-wv,Quinten,Franecki,2019-12-14 11:05:05
202,Chicago,27,male,us-me,Ines,Gottlieb,2018-04-02 23:19:56
203,San Francisco,64,male,us-oh,Adrianna,Gerlach,2019-01-14 05:13:33
205,Seattle,64,male,us-ok,Dedric,Yost,2018-05-18 15:05:39
209,Seattle,27,male,us-id,Carmel,Gulgowski,2019-10-09 15:51:56
206,Mountain View,36,male,us-ga,Jonas,Metz,2019-11-10 23:13:59
358,Mountain View,79,female,us-sc,Lucy,Hettinger,2017-12-26 20:27:57
530,Seattle,23,male,us-ne,Moriah,Ullrich,2019-12-13 03:23:49
383,Mountain View,67,male,us-ky,Bobby,Cole,2017-01-14 04:03:32
385,Seattle,45,male,us-ny,Vinnie,Greenholt,2017-03-04 06:12:22
386,Seattle,68,male,us-nh,Ally,Blanda,2018-01-03 07:23:34
387,Austin,54,male,us-ky,Erica,Robel,2018-06-26 11:42:14
388,New York,69,male,us-co,Taryn,Quigley,2017-03-02 05:29:21
389,Los Angeles,83,male,us-de,Charles,Wintheiser,2017-01-19 15:14:41
391,Los Angeles,49,male,us-mi,Omari,Rodriguez,2019-05-31 23:40:20
392,Palo Alto,72,male,us-tn,Misty,McKenzie,2019-02-03 23:36:03
394,New York,27,male,us-id,Keegan,Hane,2019-12-30 14:21:42
395,Chicago,22,male,us-nj,Viola,Crooks,2018-08-20 04:41:31
397,New York,39,male,us-ok,Marcia,Balistreri,2018-09-04 13:44:54
398,Seattle,72,male,us-ny,Ted,Gislason,2019-03-29 05:14:12
399,Mountain View,39,male,us-nm,Tom,Abbott,2017-06-13 10:18:26
451,Los Angeles,80,female,us-va,Jodie,Metz,2018-03-02 14:22:40
452,San Francisco,52,female,us-dc,Isaias,Considine,2019-02-23 21:55:22
453,Seattle,73,female,us-nd,Arden,Deckow,2018-07-25 11:07:06
454,Seattle,46,female,us-co,Bennett,Gaylord,2017-10-03 03:48:19
456,Chicago,55,female,us-wy,Sonia,Koss,2017-07-31 12:15:07
457,New York,58,female,us-nd,Ignacio,Keebler,2018-10-16 04:53:02
458,Los Angeles,31,female,us-oh,Maximus,Feest,2019-11-25 21:53:42
459,Los Angeles,19,female,us-ky,Zachary,Hayes,2018-07-31 22:00:18
460,New York,55,female,us-or,Mathew,Kautzer,2018-09-08 18:21:06
462,New York,53,female,us-me,Manuel,Kuhic,2018-04-04 07:52:32
464,Los Angeles,70,female,us-nm,Xzavier,Heller,2018-03-05 16:12:01
465,Austin,54,female,us-mt,Yadira,Hoeger,2019-11-29 22:45:32
466,Austin,77,female,us-il,Pearline,Koss,2018-05-13 14:25:33
468,San Francisco,53,female,us-id,Eda,Homenick,2017-08-23 07:14:29
469,Palo Alto,20,female,us-nh,Cordia,Thiel,2018-10-08 23:01:12
470,Palo Alto,61,female,us-al,Vada,Harvey,2019-12-24 00:53:49
471,New York,29,female,us-tx,Aric,Ebert,2018-11-22 16:24:50
472,New York,46,female,us-nm,Stewart,Mills,2018-03-11 02:25:46
473,Palo Alto,69,female,us-mn,Ali,McClure,2019-07-14 15:12:30
474,Austin,47,female,us-fl,Larry,Corkery,2019-04-22 03:38:53
476,Austin,25,male,us-ri,Kelvin,Murphy,2019-12-07 23:36:07
477,Seattle,33,male,us-az,Emery,Kuhic,2019-10-10 00:38:53
479,Palo Alto,23,male,us-vt,Isadore,Bradtke,2017-11-17 01:54:56
480,Mountain View,37,male,us-id,Luciano,Kutch,2019-10-07 09:14:21
481,Austin,57,male,us-ma,Clair,Toy,2017-10-21 19:58:29
483,Mountain View,64,male,us-wa,Anderson,Eichmann,2019-07-04 06:55:04
484,New York,20,male,us-wa,Hallie,Cruickshank,2019-12-08 06:00:44
485,New York,47,male,us-ma,Onie,Schroeder,2018-08-16 22:36:36
488,Seattle,45,male,us-in,Vincenza,Upton,2018-05-15 07:00:03
489,Austin,37,male,us-nv,Blake,Schoen,2017-11-30 07:50:29
490,Palo Alto,50,male,us-nm,June,Bosco,2018-04-03 17:35:19
491,Chicago,38,male,us-dc,Jovani,Orn,2019-08-31 19:50:33
492,New York,69,male,us-mi,Gaylord,Keebler,2019-10-23 23:36:20
493,New York,61,male,us-ms,Mandy,Rogahn,2019-04-23 07:26:51
495,Seattle,20,male,us-la,Katharina,Hansen,2018-06-08 13:03:54
496,Palo Alto,26,male,us-mt,Hanna,Trantow,2019-10-24 01:52:07
500,Chicago,23,male,us-nv,Virginie,Hayes,2019-04-26 21:44:38
501,Chicago,81,male,us-vt,Kayla,O'Hara,2017-09-13 00:21:40
502,New York,64,male,us-la,Wilmer,Bode,2019-05-05 19:08:23
505,Seattle,75,male,us-nm,Letha,Prosacco,2018-01-25 03:01:04
506,San Francisco,70,male,us-mo,Ines,Treutel,2019-11-12 08:47:20
507,San Francisco,32,male,us-ne,Chelsie,Fay,2017-10-14 11:16:44
508,Austin,46,male,us-al,Bernice,Auer,2019-12-24 09:36:03
509,San Francisco,29,male,us-oh,Salma,Bauch,2018-01-14 20:28:42
511,Los Angeles,22,male,us-me,Ludwig,Gerlach,2019-01-16 05:03:54
512,New York,61,male,us-me,Rubye,Ankunding,2018-04-19 04:06:10
513,San Francisco,69,male,us-nc,Grady,Dicki,2019-08-18 08:33:04
514,San Francisco,54,male,us-nc,Anastacio,Hackett,2019-07-11 06:49:01
515,Los Angeles,23,male,us-wa,Omari,Ernser,2018-09-26 12:51:28
516,Austin,23,male,us-ok,Destiney,Konopelski,2019-11-20 02:48:44
518,Austin,55,male,us-vt,Magdalen,Rice,2018-05-17 17:40:32
669,Los Angeles,56,female,us-ks,Elody,Fadel,2018-11-07 00:46:06
324,San Francisco,52,male,us-mo,Giovani,Denesik,2018-05-18 18:45:11
378,Seattle,77,male,us-in,Lonzo,Goyette,2018-01-19 04:13:50
379,Seattle,40,male,us-nd,Isaac,Lemke,2018-02-27 10:43:45
380,Chicago,24,male,us-ms,Bernadette,Reinger,2018-09-01 03:13:32
381,San Francisco,77,male,us-mo,Maya,Bins,2018-09-04 11:47:02
651,Palo Alto,40,female,us-dc,Tamia,Olson,2018-10-13 02:38:38
652,New York,66,female,us-ut,Matilda,Deckow,2018-04-12 12:08:37
653,Austin,69,female,us-oh,Mikel,Wisoky,2019-05-23 13:38:53
654,Mountain View,61,female,us-nd,Leonel,Torp,2019-06-07 12:12:18
656,Austin,61,female,us-de,Oscar,Beatty,2019-08-23 20:43:13
658,New York,85,female,us-va,Coby,Wisozk,2018-02-12 21:22:59
659,Chicago,64,female,us-fl,Cordelia,Dach,2019-02-27 06:40:54
660,Los Angeles,79,female,us-vt,Alda,Gleichner,2018-08-18 01:27:46
663,Austin,62,female,us-mn,Trudie,Mertz,2018-03-18 07:31:03
5,New York,50,male,us-az,Louvenia,Brakus,2017-01-10 05:03:28
6,San Francisco,63,male,us-ne,Raegan,Bailey,2018-08-01 03:02:40
8,Los Angeles,23,male,us-wv,Candice,Durgan,2019-07-17 00:06:43
9,Los Angeles,72,male,us-wy,Jacky,Ferry,2017-04-14 03:25:10
10,New York,28,male,us-il,Elisabeth,Brakus,2019-04-09 06:11:03
12,Seattle,51,male,us-nj,Heath,Hayes,2016-12-26 15:54:27
13,Los Angeles,78,male,us-ia,Dewayne,O'Keefe,2017-08-29 20:46:38
15,Mountain View,34,male,us-tx,Catherine,Lowe,2018-11-20 04:53:46
650,Chicago,60,female,us-az,Cayla,Mayert,2018-07-09 04:40:21
16,New York,52,male,us-fl,Ryan,Hickle,2018-06-06 23:27:14
17,Seattle,34,male,us-mo,Cornelius,MacGyver,2018-11-12 14:45:21
18,New York,75,male,us-ca,Adrienne,Brown,2017-03-30 11:01:13
19,Austin,25,male,us-nv,Vicente,Walter,2019-09-23 13:24:05
20,Seattle,61,male,us-la,Vance,Weimann,2017-09-24 11:39:38
22,Austin,61,male,us-sd,Kolby,Rippin,2016-01-16 07:40:27
23,Chicago,34,male,us-ks,Jocelyn,Ward,2017-01-10 05:20:53
24,Mountain View,37,male,us-vt,Davion,Prohaska,2016-05-13 10:39:21
25,New York,74,male,us-ks,Elda,Skiles,2019-03-01 19:01:26
26,Los Angeles,82,male,us-nm,Conrad,White,2019-03-23 00:16:32
28,San Francisco,22,male,us-nv,Gordon,Yundt,2017-02-10 07:12:52
29,Chicago,78,male,us-wy,Gilberto,Klein,2018-09-23 19:52:11
30,Austin,37,male,us-mo,Rosendo,Schuster,2016-03-30 07:15:08
31,New York,21,male,us-al,Zoey,Dibbert,2017-03-28 14:58:00
32,Los Angeles,57,male,us-tn,Ole,Lebsack,2016-09-05 17:25:12
33,Austin,69,male,us-mn,Dangelo,Wehner,2018-12-30 01:52:35
35,Seattle,69,male,us-me,Cathrine,Rice,2016-08-26 21:28:18
36,Seattle,39,male,us-va,Albina,Johns,2017-08-19 12:28:58
37,Chicago,48,male,us-nv,Leatha,Hodkiewicz,2019-07-10 18:45:27
38,Palo Alto,47,female,us-mi,Luigi,Raynor,2018-06-11 06:05:30
40,Mountain View,47,female,us-ne,Caterina,Walsh,2019-10-06 16:26:58
41,Seattle,35,female,us-vt,Aglae,Fadel,2016-08-08 19:50:33
42,San Francisco,41,female,us-nv,Shaniya,Hilll,2016-05-17 09:03:55
43,Austin,49,female,us-pa,Joelle,Schmidt,2017-04-16 15:57:46
44,Los Angeles,80,female,us-ks,Claudie,Greenholt,2019-05-21 01:07:10
45,Mountain View,81,female,us-nh,Mozell,Homenick,2016-01-06 21:19:45
47,Seattle,47,female,us-pa,Laurine,Morissette,2018-09-25 02:09:00
48,Los Angeles,48,female,us-nd,Vallie,Casper,2018-04-01 01:49:22
49,Seattle,46,female,us-vt,Christina,Heaney,2016-04-10 16:04:50
50,Chicago,60,female,us-vt,Darrell,Fay,2016-10-28 13:18:49
51,Los Angeles,77,female,us-ca,Katrine,Rau,2018-05-28 22:56:51
52,Los Angeles,49,female,us-nj,Cleo,Lesch,2016-12-25 11:04:01
54,Los Angeles,27,female,us-wi,Anjali,Kertzmann,2019-09-05 08:30:49
57,Chicago,32,female,us-ma,Loma,Steuber,2016-02-29 12:00:16
58,New York,66,female,us-id,Antonina,Feil,2016-12-20 05:34:09
60,Chicago,22,female,us-va,Alejandrin,Leffler,2019-05-15 10:47:53
61,Los Angeles,64,female,us-mt,Laila,Walker,2016-09-08 13:16:50
62,Austin,65,female,us-nc,Damien,Lind,2019-01-24 07:00:47
63,Mountain View,53,female,us-ut,Raphaelle,O'Kon,2016-02-18 10:05:17
64,Los Angeles,34,female,us-nv,Tommie,Collins,2016-10-11 13:41:03
66,Mountain View,68,female,us-ok,Stevie,Wunsch,2017-11-11 04:13:30
67,San Francisco,27,female,us-az,Tyra,Fritsch,2019-06-03 07:23:08
68,Los Angeles,58,female,us-id,Miracle,Rohan,2018-12-22 16:48:03
69,Palo Alto,25,female,us-sd,Florida,Glover,2019-05-01 20:48:07
70,Palo Alto,76,female,us-sd,Albert,Wyman,2017-03-17 14:59:18
72,San Francisco,55,female,us-ut,Ayana,Jones,2016-08-14 19:47:46
74,Palo Alto,57,female,us-va,Andrew,Sporer,2018-06-16 05:51:46
75,Los Angeles,66,male,us-ct,Oran,Doyle,2016-05-31 19:18:46
497,Palo Alto,65,male,us-nj,Milford,Ratke,2018-02-17 15:09:27
498,Seattle,51,male,us-wa,Keyshawn,Moore,2018-08-14 03:34:13
499,Chicago,74,male,us-ut,Elena,Gusikowski,2019-04-28 02:31:57
655,Los Angeles,67,female,us-wa,Darian,Pfannerstill,2019-04-26 13:10:29
82,Chicago,56,male,us-ar,Florida,Schmidt,2018-03-15 00:07:44
84,Seattle,44,male,us-in,Patience,Swaniawski,2016-04-06 12:00:15
87,Chicago,55,male,us-sc,Desiree,Abernathy,2017-05-22 03:02:53
88,New York,24,male,us-nc,Bart,Lesch,2017-03-04 18:55:09
89,Palo Alto,43,male,us-nc,Adolfo,Mills,2018-12-27 16:41:32
91,Los Angeles,64,male,us-oh,Natalie,Balistreri,2016-05-30 18:25:36
92,Mountain View,41,male,us-or,Duncan,Schuppe,2019-07-28 20:46:42
93,Mountain View,70,male,us-ri,Emilie,King,2018-03-14 03:26:56
97,Los Angeles,53,male,us-tx,Lois,Bednar,2018-12-27 19:43:38
98,New York,65,male,us-dc,Zoey,Lynch,2018-06-29 14:15:27
99,San Francisco,40,male,us-nd,Dorothy,Witting,2016-12-15 19:18:52
104,Chicago,48,male,us-nd,Bobby,Koepp,2018-07-01 22:56:54
105,Chicago,33,male,us-ks,Lon,Parker,2017-08-08 06:09:19
106,Seattle,29,male,us-ma,Bulah,Rice,2017-10-01 06:45:04
109,San Francisco,69,male,us-fl,Yasmeen,Christiansen,2017-08-28 06:02:54
110,Los Angeles,58,male,us-ct,Clovis,Lubowitz,2017-02-07 16:03:24
111,Austin,65,male,us-mn,Katlyn,Doyle,2018-12-29 09:51:16
112,San Francisco,36,male,us-md,Danial,McKenzie,2018-01-17 18:23:59
113,San Francisco,82,male,us-ms,Carter,Tremblay,2018-01-13 00:06:16
115,Los Angeles,69,male,us-nh,Quinten,Von,2017-09-30 06:13:46
117,Mountain View,26,male,us-sd,Jaden,Kautzer,2019-04-23 04:10:37
119,New York,38,male,us-mt,Seth,Zulauf,2017-11-13 07:23:18
120,Austin,49,male,us-wa,Justina,Bergnaum,2019-05-03 16:01:27
121,Los Angeles,29,male,us-ar,Ola,Hagenes,2017-12-02 20:35:12
122,Chicago,82,male,us-al,Alberto,D'Amore,2018-02-10 15:04:20
124,New York,34,male,us-id,Deonte,Morar,2017-01-21 16:35:51
125,San Francisco,70,male,us-mt,Karson,Pfannerstill,2017-07-24 20:14:52
126,Seattle,60,male,us-wa,Barry,Smith,2019-02-10 03:29:51
127,Mountain View,50,male,us-mn,Moshe,Senger,2018-06-10 19:24:37
129,Palo Alto,67,male,us-wa,Ibrahim,Hayes,2017-10-19 18:35:32
165,Seattle,53,female,us-ct,Khalil,Goyette,2019-10-17 11:42:11
167,Austin,74,female,us-ok,Randal,Hansen,2017-10-07 08:29:45
158,Chicago,52,female,us-ut,Allene,Kunze,2019-05-06 21:42:26
159,Chicago,55,female,us-ma,Aracely,Cruickshank,2018-08-09 10:32:55
161,Palo Alto,32,female,us-ok,Krista,Berge,2017-11-06 06:56:35
173,New York,25,female,us-me,Cleveland,Von,2019-05-04 03:19:34
163,Los Angeles,63,female,us-nj,Ethan,Corkery,2018-07-08 08:17:02
178,Mountain View,22,male,us-il,Roger,Miller,2019-07-07 19:54:10
183,Mountain View,49,male,us-sd,Cornell,Windler,2019-10-22 00:25:42
164,San Francisco,52,female,us-ks,Kurt,Rolfson,2018-04-15 17:27:30
168,Mountain View,28,female,us-dc,Lauryn,Casper,2017-09-09 09:42:50
169,New York,83,female,us-sc,Eliseo,Huel,2019-09-03 07:50:29
171,Mountain View,26,female,us-nj,Noelia,Jenkins,2018-12-01 11:53:22
187,Austin,57,male,us-tn,Korey,Willms,2017-03-14 15:30:57
191,Los Angeles,30,male,us-ut,Felicia,Dare,2018-05-24 17:48:50
192,San Francisco,78,male,us-de,Ada,Ledner,2019-09-11 12:49:25
193,Palo Alto,34,male,us-ms,Rhoda,Kling,2017-07-21 01:41:38
172,Palo Alto,60,female,us-nd,Golden,Bayer,2019-07-10 03:44:22
174,Los Angeles,84,female,us-az,Rylee,Fritsch,2018-11-23 05:57:09
176,Mountain View,51,male,us-ms,Emmanuelle,Nader,2017-11-29 19:45:33
177,Los Angeles,33,male,us-il,Madonna,O'Connell,2018-12-21 18:27:48
180,New York,76,male,us-ok,Rebecca,Schimmel,2019-07-03 15:46:02
181,Seattle,74,male,us-wa,Oswaldo,Klein,2019-08-22 13:00:53
184,Los Angeles,61,male,us-nd,Alex,Schultz,2018-06-05 15:28:13
212,Chicago,29,male,us-tn,Mable,Collier,2019-04-14 20:20:36
263,Seattle,24,female,us-ms,Destany,Gutmann,2017-08-04 07:19:25
186,Austin,53,male,us-pa,Sheridan,Hickle,2019-02-07 21:58:02
188,Seattle,50,male,us-ri,Kira,Weber,2018-06-11 05:34:05
190,Seattle,79,male,us-pa,Ariane,Romaguera,2018-08-24 21:58:23
194,Seattle,64,male,us-wa,Sienna,Shanahan,2019-12-24 05:56:58
195,Austin,21,male,us-nj,Jenifer,Wunsch,2018-03-23 07:44:09
197,Mountain View,25,male,us-ok,Archibald,Terry,2017-10-08 06:10:23
198,Seattle,63,male,us-vt,Gwendolyn,Carroll,2019-06-10 13:53:41
199,New York,19,male,us-vt,Zack,Considine,2018-06-17 11:13:23
211,Los Angeles,53,male,us-de,Brent,Metz,2018-06-01 09:44:14
213,Palo Alto,52,male,us-ia,Trevion,Hilll,2019-11-13 20:23:37
382,New York,54,male,us-wi,Karlee,Adams,2018-10-14 06:17:50
79,Mountain View,20,male,us-wa,Allison,Hintz,2016-03-28 22:29:13
80,Austin,53,male,us-md,Evan,Wyman,2019-10-25 22:25:00
81,San Francisco,26,male,us-ms,Carolina,Bergstrom,2019-01-27 17:52:08
94,Los Angeles,34,male,us-ny,Brando,Douglas,2018-03-20 03:17:30
222,New York,45,male,us-oh,Berenice,Ebert,2018-08-21 11:16:37
223,Los Angeles,46,male,us-mi,Brenna,O'Keefe,2018-06-18 23:37:06
226,Mountain View,37,male,us-id,Albin,Ryan,2017-09-07 10:17:43
227,Chicago,57,male,us-ok,Carleton,Ortiz,2019-06-05 04:54:26
228,New York,45,male,us-mt,Ramon,Botsford,2018-07-30 16:17:44
231,Palo Alto,67,male,us-ks,Daron,Auer,2017-12-08 23:10:44
232,Palo Alto,85,male,us-wi,Korey,O'Reilly,2019-10-27 09:42:47
234,San Francisco,82,male,us-pa,Cathryn,Kulas,2018-07-30 11:46:03
235,Los Angeles,38,male,us-oh,Sophie,Muller,2018-07-16 05:54:12
237,San Francisco,74,male,us-md,Cleveland,Reynolds,2017-01-31 21:05:25
238,Seattle,48,female,us-mt,Dedrick,Price,2018-03-27 14:20:13
239,San Francisco,63,female,us-dc,Edd,Sipes,2019-10-23 16:17:12
241,Palo Alto,40,female,us-mi,Napoleon,Frami,2019-08-29 11:00:40
242,Los Angeles,25,female,us-md,Erin,Hartmann,2018-12-18 12:07:25
243,San Francisco,56,female,us-nj,Kobe,Durgan,2019-03-10 13:47:03
244,Seattle,43,female,us-nj,Dallas,Abbott,2017-06-16 21:52:01
246,Seattle,82,female,us-mn,Zachariah,McCullough,2019-11-26 03:57:08
247,Chicago,44,female,us-ga,Sammie,Senger,2017-08-25 15:21:50
248,Mountain View,83,female,us-az,Bernhard,Heller,2019-05-27 17:11:36
251,Austin,32,female,us-pa,Carlee,Aufderhar,2017-10-16 04:57:55
252,New York,62,female,us-ok,Maudie,Breitenberg,2017-06-09 14:23:15
253,Mountain View,59,female,us-ut,Georgianna,Sporer,2018-08-03 07:15:36
255,New York,25,female,us-ks,Leonor,Rolfson,2020-01-01 04:30:57
256,Seattle,64,female,us-pa,Ibrahim,Harris,2018-04-18 05:24:16
257,New York,54,female,us-sd,Litzy,Heaney,2018-03-19 04:55:19
258,Seattle,79,female,us-al,Jean,Stanton,2017-12-26 20:27:57
259,Palo Alto,57,female,us-ne,Olaf,Christiansen,2018-10-26 14:38:49
298,Palo Alto,72,male,us-ut,Verna,Wiegand,2019-03-29 05:14:12
260,Seattle,53,female,us-nc,Jeffery,Jacobs,2018-09-04 07:18:15
262,Chicago,29,female,us-nj,America,Predovic,2017-07-21 05:44:40
264,Chicago,54,female,us-la,Carolanne,Cormier,2019-05-16 07:01:04
301,Seattle,39,male,us-vt,Lizzie,Corkery,2019-12-14 11:05:05
266,San Francisco,82,female,us-wa,Mae,Morissette,2018-07-10 19:30:25
306,Chicago,36,male,us-ct,Valentine,Senger,2019-11-10 23:13:59
267,Chicago,67,female,us-nj,Jovanny,Flatley,2017-04-19 01:47:57
268,Seattle,25,female,us-dc,Celestine,Lueilwitz,2017-12-31 04:20:03
269,Los Angeles,85,female,us-tn,Kimberly,Mills,2017-03-21 21:35:11
271,Seattle,81,female,us-dc,Dino,Turcotte,2019-11-25 12:52:41
272,San Francisco,51,female,us-mn,Dasia,Graham,2017-09-04 06:09:29
274,San Francisco,24,female,us-wa,Shad,Reichel,2018-05-13 10:16:43
275,Chicago,58,male,us-nd,Pierre,Walsh,2018-08-26 13:57:50
277,San Francisco,55,male,us-id,Haskell,Roob,2017-10-31 05:38:49
278,Austin,77,male,us-ut,Raegan,Blanda,2018-01-19 04:13:50
280,Mountain View,24,male,us-nh,Pat,Schowalter,2018-09-01 03:13:32
281,New York,77,male,us-ri,Dewitt,Kovacek,2018-09-04 11:47:02
282,Chicago,54,male,us-ms,Lenna,Wuckert,2018-10-14 06:17:50
283,Palo Alto,67,male,us-nc,Kaitlyn,Wuckert,2017-01-14 04:03:32
284,Seattle,24,male,us-mi,Max,Greenfelder,2019-08-22 00:43:50
286,Seattle,68,male,us-ca,Irving,Skiles,2018-01-03 07:23:34
287,Palo Alto,54,male,us-wy,Leola,Moore,2018-06-26 11:42:14
288,Chicago,69,male,us-ok,Kian,Stamm,2017-03-02 05:29:21
289,Seattle,83,male,us-sc,Elias,Weimann,2017-01-19 15:14:41
292,Seattle,72,male,us-in,Jack,Klocko,2019-02-03 23:36:03
293,Palo Alto,63,male,us-mo,Karlee,Feil,2018-12-24 07:38:11
294,Chicago,27,male,us-nj,Adonis,Labadie,2019-12-30 14:21:42
295,Palo Alto,22,male,us-wi,Jace,Ritchie,2018-08-20 04:41:31
296,Austin,32,male,us-wy,Geoffrey,Hartmann,2019-09-07 05:05:57
299,San Francisco,39,male,us-mi,Wava,Schimmel,2017-06-13 10:18:26
300,Chicago,59,male,us-nv,Emmy,Beier,2018-01-17 12:39:19
303,Mountain View,64,male,us-ms,Kelsie,Trantow,2019-01-14 05:13:33
304,Mountain View,26,male,us-sd,Arch,Lynch,2018-01-12 15:21:31
305,Austin,64,male,us-va,Kylee,Schamberger,2018-05-18 15:05:39
307,Los Angeles,37,male,us-de,Rosa,Kessler,2018-04-17 09:02:23
413,Seattle,33,male,us-dc,Eino,Strosin,2019-01-10 17:04:30
217,Los Angeles,63,male,us-nc,Anna,Corwin,2019-05-16 12:40:15
218,Mountain View,57,male,us-me,Eldora,Mueller,2019-01-02 07:55:24
219,New York,33,male,us-in,Dena,Schimmel,2018-04-15 14:08:30
221,Chicago,44,male,us-ne,Gideon,Champlin,2018-03-03 04:40:10
224,Palo Alto,52,male,us-ne,Breanne,Abbott,2018-05-18 18:45:11
7,Mountain View,43,male,us-nj,Kenton,Beier,2018-02-06 04:41:33
11,Seattle,35,male,us-ms,Matilda,Frami,2017-10-08 23:45:43
14,Palo Alto,79,male,us-wy,Tillman,Thompson,2017-12-31 02:09:34
27,Chicago,22,male,us-ne,Una,Gibson,2018-09-04 09:53:22
34,Austin,55,male,us-md,Stevie,VonRueden,2016-12-23 20:02:12
39,Seattle,62,female,us-ri,Rex,Crooks,2018-06-07 09:37:58
46,Austin,51,female,us-ms,Eugene,Tillman,2017-11-01 08:37:38
59,Chicago,51,female,us-fl,Audra,Johns,2017-07-13 18:52:00
65,Seattle,31,female,us-nd,Carter,Balistreri,2016-09-26 18:13:43
71,Austin,35,female,us-wv,Marc,Glover,2016-08-25 21:32:56
73,Chicago,66,female,us-nm,Ferne,Oberbrunner,2017-05-19 21:34:59
77,Los Angeles,46,male,us-id,Earline,Berge,2018-05-14 10:08:54
318,Mountain View,57,male,us-nd,Rosalee,Hackett,2019-01-02 07:55:24
319,Chicago,33,male,us-wy,Mike,Gusikowski,2018-04-15 14:08:30
320,Palo Alto,57,male,us-or,Furman,Brakus,2019-01-10 23:10:32
321,Los Angeles,44,male,us-ok,Nathen,Kunze,2018-03-03 04:40:10
323,New York,46,male,us-al,Frankie,Sawayn,2018-06-18 23:37:06
325,Los Angeles,70,male,us-ia,Grover,Casper,2019-08-17 20:56:46
326,Chicago,37,male,us-ne,Odie,O'Conner,2017-09-07 10:17:43
328,New York,45,male,us-ks,Moses,Keebler,2018-07-30 16:17:44
329,Palo Alto,58,male,us-tx,Jovani,Quitzon,2019-09-14 20:20:57
330,San Francisco,51,male,us-tx,Dimitri,Mraz,2017-11-11 15:11:49
331,Los Angeles,67,male,us-la,Wallace,Yundt,2017-12-08 23:10:44
332,Los Angeles,85,male,us-az,Wilmer,Wiza,2019-10-27 09:42:47
335,Palo Alto,38,male,us-oh,Terrell,Mayer,2018-07-16 05:54:12
336,New York,74,male,us-co,Alexandra,Wolff,2018-02-02 17:04:48
338,San Francisco,48,female,us-al,Dulce,Maggio,2018-03-27 14:20:13
339,Seattle,63,female,us-wv,Jerrold,Wintheiser,2019-10-23 16:17:12
340,Chicago,52,female,us-ia,Lou,Krajcik,2018-03-04 07:46:28
341,New York,40,female,us-ia,Wilma,Ryan,2019-08-29 11:00:40
342,Chicago,25,female,us-ca,Alexandria,Hilpert,2018-12-18 12:07:25
344,Austin,43,female,us-ga,Arely,Eichmann,2017-06-16 21:52:01
345,Seattle,65,female,us-ct,Sabryna,Schumm,2018-03-11 19:06:31
347,Austin,44,female,us-mo,Jefferey,Zieme,2017-08-25 15:21:50
348,Los Angeles,83,female,us-vt,Kiarra,Runolfsson,2019-05-27 17:11:36
657,Chicago,34,female,us-nv,Vickie,Reilly,2018-11-09 06:16:37
1,San Francisco,65,male,us-nj,Rahsaan,Collins,2018-07-27 14:29:36
2,Seattle,81,male,us-il,Nyasia,Medhurst,2017-03-04 06:40:41
78,Austin,61,male,us-or,Abigail,Gutmann,2017-02-15 21:14:13
90,Palo Alto,70,male,us-id,Marisa,Wintheiser,2019-09-17 20:52:37
315,Austin,39,male,us-de,Rubie,Gerhold,2019-03-30 16:49:19
317,Austin,63,male,us-or,Kayli,Stokes,2019-05-16 12:40:15
108,San Francisco,36,male,us-nv,Kara,Senger,2019-05-03 05:58:23
95,Palo Alto,56,male,us-dc,Ruthie,Ledner,2019-06-24 20:34:36
100,Mountain View,80,male,us-az,Jamie,Langworth,2016-02-17 04:39:47
101,San Francisco,39,male,us-wi,Rodger,Schneider,2019-11-09 00:19:57
189,Los Angeles,68,male,us-md,Anita,Hayes,2017-07-11 07:38:04
196,Chicago,20,male,us-va,Zula,Daugherty,2019-07-29 08:13:24
114,Los Angeles,77,male,us-va,Beulah,Auer,2018-06-30 05:30:42
204,Seattle,26,male,us-tn,August,White,2018-01-12 15:21:31
142,San Francisco,72,female,us-or,Malachi,Hickle,2019-11-19 13:15:36
156,Mountain View,21,female,us-wy,Alison,Abshire,2018-09-03 04:27:06
160,San Francisco,55,female,us-pa,Emma,Ward,2019-01-05 22:14:02
21,Los Angeles,20,male,us-mo,Charles,Maggio,2016-10-30 14:08:42
118,Los Angeles,45,male,us-nc,Avery,Metz,2017-12-14 19:08:51
175,Chicago,28,male,us-sc,Derick,Lind,2017-09-16 18:38:35
123,Mountain View,20,male,us-nj,Leta,Wolff,2017-04-24 23:08:23
179,Mountain View,84,male,us-ca,Margarita,Labadie,2018-10-18 13:09:48
128,Austin,77,male,us-mi,Rupert,Nienow,2018-02-12 10:08:37
130,Austin,21,male,us-al,Zita,Wuckert,2017-09-30 14:35:34
135,Mountain View,69,male,us-mn,Marcella,Smitham,2018-04-23 10:38:31
152,Chicago,26,female,us-al,Marilou,Lehner,2018-07-18 08:15:13
200,Austin,71,male,us-vt,Junius,Romaguera,2019-03-01 21:20:10
170,Los Angeles,48,female,us-in,Hal,Parisian,2018-11-12 01:31:34
309,Seattle,27,male,us-al,Delbert,Olson,2019-10-09 15:51:56
185,Los Angeles,36,male,us-mi,Gabrielle,Pacocha,2018-11-12 03:33:38
208,Palo Alto,34,male,us-id,Freda,Howell,2018-10-08 15:50:11
313,Chicago,52,male,us-ny,Osborne,Halvorson,2019-11-13 20:23:37
311,Chicago,53,male,us-me,Retta,Will,2018-06-01 09:44:14
312,Mountain View,29,male,us-ms,Edgar,Sporer,2019-04-14 20:20:36
210,Seattle,78,male,us-wi,Sandra,Parker,2017-03-23 01:32:46
214,Palo Alto,82,male,us-ne,Einar,Baumbach,2019-07-29 14:14:26
215,New York,39,male,us-ca,June,Ondricka,2019-03-30 16:49:19
220,Mountain View,57,male,us-in,Precious,Frami,2019-01-10 23:10:32
225,Mountain View,70,male,us-in,Doug,Gleason,2019-08-17 20:56:46
229,New York,58,male,us-wi,Gwen,Hirthe,2019-09-14 20:20:57
230,San Francisco,51,male,us-ct,Levi,Lakin,2017-11-11 15:11:49
233,Los Angeles,83,male,us-sc,Brielle,Lesch,2017-07-03 22:57:10
240,Seattle,52,female,us-az,Rodolfo,Moore,2018-03-04 07:46:28
245,San Francisco,65,female,us-wi,Cesar,Fahey,2018-03-11 19:06:31
249,San Francisco,27,female,us-sd,Jonathan,Rowe,2019-05-09 23:46:06
354,Mountain View,69,female,us-nh,Juana,Hagenes,2019-03-09 08:54:44
418,Seattle,56,male,us-mt,Edwina,Bergnaum,2019-07-12 10:14:23
444,Seattle,56,female,us-ga,Jaylan,Conn,2019-03-24 20:40:00
463,Los Angeles,84,female,us-mi,Hector,Torphy,2018-03-15 07:27:12
478,Mountain View,38,male,us-nd,Erich,Murazik,2018-01-25 22:02:23
486,Seattle,37,male,us-vt,Jazmyne,Jakubowski,2017-09-30 10:00:27
494,Mountain View,21,male,us-az,Vena,Jerde,2019-06-27 22:43:05
503,Palo Alto,81,male,us-ca,Richard,Kshlerin,2018-03-18 17:11:56
536,Mountain View,35,male,us-nv,Eli,Mante,2018-06-05 09:50:36
567,New York,35,female,us-nm,Bria,Baumbach,2018-11-12 14:11:19
576,Los Angeles,82,male,us-pa,Charity,Cassin,2018-03-18 05:35:27
585,Los Angeles,52,male,us-ct,Horace,Witting,2018-11-01 01:10:20
601,Austin,63,male,us-ct,Camron,Bartell,2018-03-06 12:34:17
623,Austin,79,male,us-ri,Franz,Welch,2017-09-17 10:32:24
643,Los Angeles,36,female,us-ne,Marc,Conroy,2017-07-01 23:26:16
662,Palo Alto,53,female,us-mi,Wendell,Hamill,2018-03-23 17:51:32
670,New York,75,female,us-mi,Beaulah,Ankunding,2019-02-01 03:55:23
250,New York,31,female,us-ia,Tierra,Price,2017-01-31 14:07:41
254,Los Angeles,69,female,us-ne,Johnny,Thompson,2019-03-09 08:54:44
261,Seattle,20,female,us-ks,Emmanuel,Tillman,2017-02-16 20:34:50
265,San Francisco,78,female,us-ga,Karlie,Schiller,2017-01-25 20:24:51
270,San Francisco,34,female,us-wv,Kyra,Trantow,2017-05-16 18:44:56
273,Palo Alto,32,female,us-ar,Carlie,Ernser,2019-08-07 21:46:16
276,New York,33,male,us-nj,Joany,Botsford,2018-01-24 15:34:40
279,Austin,40,male,us-nc,Jalen,Ondricka,2018-02-27 10:43:45
285,San Francisco,45,male,us-ca,Sven,Rippin,2017-03-04 06:12:22
290,Los Angeles,43,male,us-sd,Bernhard,Wuckert,2017-11-24 14:29:49
291,Seattle,49,male,us-ut,Bruce,Kunze,2019-05-31 23:40:20
297,Mountain View,39,male,us-ks,Pierce,Deckow,2018-09-04 13:44:54
302,Austin,27,male,us-ct,Emil,Runolfsson,2018-04-02 23:19:56
308,Chicago,34,male,us-id,Amina,Johnston,2018-10-08 15:50:11
310,San Francisco,78,male,us-pa,Trenton,Barrows,2017-03-23 01:32:46
314,Los Angeles,82,male,us-wv,Pietro,Kertzmann,2019-07-29 14:14:26
688,New York,78,male,us-md,Wilma,Halvorson,2017-09-29 22:07:36
56,Seattle,81,female,us-ia,Stephen,Hessel,2018-11-23 05:30:13
76,Mountain View,83,male,us-nh,Santino,Crona,2016-01-02 02:54:38
85,San Francisco,80,male,us-wy,Kory,McClure,2019-07-31 16:50:12
96,Palo Alto,60,male,us-nj,Sofia,Hermiston,2018-04-15 16:11:45
116,Chicago,25,male,us-id,Jeremy,Ruecker,2019-12-25 16:16:14
322,San Francisco,45,male,us-sd,Velda,Schulist,2018-08-21 11:16:37
327,Chicago,57,male,us-nd,Kristy,Beier,2019-06-05 04:54:26
333,Mountain View,83,male,us-ri,Dorcas,Ullrich,2017-07-03 22:57:10
334,New York,82,male,us-il,Deontae,Hessel,2018-07-30 11:46:03
346,Chicago,82,female,us-id,Megane,O'Kon,2019-11-26 03:57:08
349,San Francisco,27,female,us-ar,Greg,Waters,2019-05-09 23:46:06
162,Los Angeles,72,female,us-dc,Malinda,Jacobi,2019-11-22 02:57:08
182,Mountain View,57,male,us-dc,Vince,Fadel,2018-03-04 13:12:26
166,Palo Alto,59,female,us-co,Jerome,Kozey,2018-08-19 19:53:44
236,Los Angeles,74,male,us-il,Rosario,Schuster,2018-02-02 17:04:48
316,Austin,29,male,us-wi,Henri,Fadel,2017-01-07 15:32:28
337,Mountain View,74,male,us-nj,Russ,Jones,2017-01-31 21:05:25
343,Chicago,56,female,us-oh,Lois,Graham,2019-03-10 13:47:03
362,Seattle,29,female,us-ut,Lizzie,Rempel,2017-07-21 05:44:40
363,New York,24,female,us-mn,Gerardo,Deckow,2017-08-04 07:19:25
368,Los Angeles,25,female,us-pa,Freddie,Halvorson,2017-12-31 04:20:03
446,Seattle,54,female,us-ga,Kathleen,Medhurst,2017-10-15 18:41:50
542,Austin,76,female,us-ok,Damaris,Rice,2019-09-27 10:34:41
475,Seattle,38,male,us-la,Juston,Kilback,2019-12-29 08:54:14
482,Mountain View,41,male,us-mo,Luis,Prosacco,2017-11-01 21:05:46
396,Los Angeles,32,male,us-sd,Tate,Collier,2019-09-07 05:05:57
406,Mountain View,50,male,us-nd,Jayde,Lemke,2019-01-10 07:47:00
566,Austin,33,female,us-ca,Dolly,Botsford,2018-05-06 17:17:44
364,Los Angeles,54,female,us-sc,Clint,Larson,2019-05-16 07:01:04
410,Seattle,80,male,us-ma,Nikita,Treutel,2017-12-13 05:11:51
426,Mountain View,53,male,us-la,Ben,Mante,2019-08-06 23:44:19
430,Los Angeles,42,male,us-pa,Alexis,Strosin,2019-05-26 03:56:50
583,Mountain View,23,male,us-nj,Caitlyn,Stamm,2019-08-02 11:07:40
374,Austin,24,female,us-il,Hayley,Wolf,2018-05-13 10:16:43
434,Chicago,64,male,us-ri,Quentin,Hartmann,2017-09-08 04:30:55
450,Chicago,85,female,us-al,Savion,Leuschke,2018-07-25 20:12:46
377,Chicago,55,male,us-tx,Alek,Vandervort,2017-10-31 05:38:49
455,San Francisco,70,female,us-nc,Buck,Walker,2018-09-15 10:28:35
617,Seattle,79,male,us-wy,Alena,Predovic,2019-01-05 08:34:59
384,New York,24,male,us-tn,Eva,Russel,2019-08-22 00:43:50
390,Los Angeles,43,male,us-dc,Vella,Schiller,2017-11-24 14:29:49
393,Los Angeles,63,male,us-ga,Delta,Labadie,2018-12-24 07:38:11
551,San Francisco,46,female,us-mn,Ayana,Morar,2018-03-14 14:58:28
400,Chicago,59,male,us-or,Neoma,Veum,2018-01-17 12:39:19
487,Chicago,56,male,us-wi,Alexys,Weissnat,2017-12-05 08:08:03
403,San Francisco,63,male,us-il,Andreanne,Upton,2017-11-09 08:47:31
552,Mountain View,43,female,us-wy,Giovani,Mertz,2017-08-21 20:14:06
510,Austin,48,male,us-wy,Magali,Hintz,2018-09-25 09:31:19
415,Seattle,30,male,us-nm,David,Schulist,2018-05-27 02:43:30
570,New York,19,female,us-co,Leopoldo,Gerlach,2017-10-04 23:28:23
422,New York,63,male,us-mt,Jasen,Lesch,2018-05-26 12:44:16
439,Mountain View,80,female,us-ct,Nestor,Jaskolski,2019-12-16 03:43:01
517,Los Angeles,25,male,us-az,Lelah,Dooley,2018-05-28 17:40:55
442,Mountain View,54,female,us-nv,Destany,Skiles,2019-12-23 19:26:18
532,Seattle,80,male,us-nh,Hazle,Paucek,2019-10-01 02:12:57
461,San Francisco,22,female,us-dc,Lloyd,Heathcote,2018-05-23 12:50:46
587,San Francisco,63,male,us-nm,Zelda,Dooley,2018-08-18 02:05:21
467,New York,55,female,us-or,Priscilla,Hahn,2018-12-14 08:43:51
504,Los Angeles,40,male,us-tn,Josue,Simonis,2018-05-11 08:55:45
522,New York,73,male,us-nm,Hassie,Ziemann,2017-11-15 13:36:46
537,San Francisco,68,male,us-al,Edd,Hayes,2018-12-20 17:53:22
547,Chicago,46,female,us-ca,Bradly,Welch,2019-03-26 02:40:59
595,New York,35,male,us-nj,Concepcion,Maggio,2017-07-24 00:28:12
550,Mountain View,42,female,us-in,Skylar,Zboncak,2018-01-28 13:35:49
605,New York,51,male,us-de,Palma,D'Amore,2017-08-21 00:34:18
609,San Francisco,37,male,us-mi,Jamir,Sipes,2019-07-21 20:38:13
558,Seattle,79,female,us-ks,Cristal,Flatley,2019-04-05 23:17:51
614,Austin,71,male,us-nc,Cullen,Wyman,2017-08-21 02:26:12
622,Seattle,26,male,us-mi,Kieran,Zemlak,2017-12-21 20:16:27
563,New York,50,female,us-tn,Zena,Monahan,2018-08-18 15:23:55
627,New York,50,male,us-nv,Maximilian,Bednar,2019-10-31 12:15:33
574,Austin,42,female,us-fl,Helena,Ziemann,2019-03-20 02:53:31
632,Palo Alto,68,male,us-md,Genoveva,Fahey,2018-05-19 11:10:29
636,Mountain View,81,male,us-ga,Hoyt,Haley,2019-09-17 03:00:19
642,Austin,32,female,us-la,Adrain,Bruen,2019-07-12 14:21:12
645,Chicago,34,female,us-sc,Franz,Osinski,2019-03-28 13:42:55
3,Seattle,67,male,us-nm,Emile,Windler,2018-08-29 09:41:54
4,New York,85,male,us-nh,Kendall,Weissnat,2017-11-17 05:56:58
83,San Francisco,65,male,us-id,Onie,Schmidt,2019-10-06 20:55:24
86,New York,50,male,us-nm,Nicolas,Hartmann,2018-10-06 08:10:07
102,San Francisco,50,male,us-tx,Jude,Barrows,2018-02-17 00:26:16
216,Seattle,29,male,us-pa,Jazlyn,Toy,2017-01-07 15:32:28
661,Los Angeles,59,female,us-ia,Edgardo,Zieme,2018-03-09 09:07:20
664,Austin,68,female,us-co,Gage,Goodwin,2019-07-31 04:07:37
665,Mountain View,76,female,us-wi,Greg,Kshlerin,2019-05-03 20:32:27
668,San Francisco,42,female,us-tx,Selmer,White,2018-02-15 10:49:01
676,Palo Alto,58,male,us-id,Damian,Hoeger,2019-04-22 02:29:41
680,Mountain View,56,male,us-id,Chaim,Windler,2019-05-18 20:43:12
685,Mountain View,31,male,us-pa,Estevan,Ziemann,2019-03-27 06:39:31
689,Austin,50,male,us-co,Vicky,Green,2018-12-28 10:56:33
693,Mountain View,76,male,us-mi,Rosa,Durgan,2018-05-03 08:54:32
695,Austin,73,male,us-id,Gavin,Gutmann,2018-05-04 19:30:42
698,Los Angeles,21,male,us-ms,Macie,Ryan,2017-09-27 12:46:40
53,Mountain View,73,female,us-sc,Eleazar,Stokes,2018-12-02 09:05:05
55,Los Angeles,52,female,us-ks,Kassandra,Bins,2019-11-10 07:06:23
147,Los Angeles,72,female,us-mi,Sigmund,Konopelski,2017-12-30 21:48:46
